{
    "China": [
        35.0,
        105.0
    ],
    "Italy": [
        42.83333333,
        12.83333333
    ],
    "Spain": [
        40.0,
        -4.0
    ],
    "Germany": [
        51.0,
        9.0
    ],
    "France": [
        46.0,
        2.0
    ],
    "Switzerland": [
        47.0,
        8.0
    ],
    "Netherlands": [
        52.5,
        5.75
    ],
    "Norway": [
        62.0,
        10.0
    ],
    "Austria": [
        47.33333333,
        13.33333333
    ],
    "Belgium": [
        50.83333333,
        4.0
    ],
    "Sweden": [
        62.0,
        15.0
    ],
    "Denmark": [
        56.0,
        10.0
    ],
    "Japan": [
        36.0,
        138.0
    ],
    "Malaysia": [
        2.5,
        112.5
    ],
    "Australia": [
        -27.0,
        133.0
    ],
    "Canada": [
        60.0,
        -95.0
    ],
    "Portugal": [
        39.5,
        -8.0
    ],
    "Qatar": [
        25.5,
        51.25
    ],
    "Greece": [
        39.0,
        22.0
    ],
    "Israel": [
        31.5,
        34.75
    ],
    "Finland": [
        64.0,
        26.0
    ],
    "Brazil": [
        -10.0,
        -55.0
    ],
    "Ireland": [
        53.0,
        -8.0
    ],
    "Slovenia": [
        46.11666666,
        14.81666666
    ],
    "Singapore": [
        1.36666666,
        103.8
    ],
    "Bahrain": [
        26.0,
        50.55
    ],
    "Iceland": [
        65.0,
        -18.0
    ],
    "Pakistan": [
        30.0,
        70.0
    ],
    "Estonia": [
        59.0,
        26.0
    ],
    "Poland": [
        52.0,
        20.0
    ],
    "Romania": [
        46.0,
        25.0
    ],
    "Chile": [
        -30.0,
        -71.0
    ],
    "Egypt": [
        27.0,
        30.0
    ],
    "Philippines": [
        13.0,
        122.0
    ],
    "Thailand": [
        15.0,
        100.0
    ],
    "Indonesia": [
        -5.0,
        120.0
    ],
    "Saudi Arabia": [
        25.0,
        45.0
    ],
    "Hong Kong": [
        22.25,
        114.16666666
    ],
    "Iraq": [
        33.0,
        44.0
    ],
    "India": [
        20.0,
        77.0
    ],
    "Luxembourg": [
        49.75,
        6.16666666
    ],
    "Kuwait": [
        29.5,
        45.75
    ],
    "Lebanon": [
        33.83333333,
        35.83333333
    ],
    "Peru": [
        -10.0,
        -76.0
    ],
    "Ecuador": [
        -2.0,
        -77.5
    ],
    "San Marino": [
        43.76666666,
        12.41666666
    ],
    "Slovakia": [
        48.66666666,
        19.5
    ],
    "Mexico": [
        23.0,
        -102.0
    ],
    "Bulgaria": [
        43.0,
        25.0
    ],
    "Taiwan": [
        23.5,
        121.0
    ],
    "Armenia": [
        40.0,
        45.0
    ],
    "Serbia": [
        44.0,
        21.0
    ],
    "Panama": [
        9.0,
        -80.0
    ],
    "Croatia": [
        45.16666666,
        15.5
    ],
    "Argentina": [
        -34.0,
        -64.0
    ],
    "Colombia": [
        4.0,
        -72.0
    ],
    "South Africa": [
        -29.0,
        24.0
    ],
    "Algeria": [
        28.0,
        3.0
    ],
    "Latvia": [
        57.0,
        25.0
    ],
    "Albania": [
        41.0,
        20.0
    ],
    "Hungary": [
        47.0,
        20.0
    ],
    "Cyprus": [
        35.0,
        33.0
    ],
    "Turkey": [
        39.0,
        35.0
    ],
    "Russia": [
        62.0397,
        129.7422
    ],
    "Sri Lanka": [
        7.0,
        81.0
    ],
    "Costa Rica": [
        10.0,
        -84.0
    ],
    "Jordan": [
        31.0,
        36.0
    ],
    "Morocco": [
        32.0,
        -5.0
    ],
    "Malta": [
        35.83333333,
        14.58333333
    ],
    "Belarus": [
        53.0,
        28.0
    ],
    "Georgia": [
        42.0,
        43.5
    ],
    "Cambodia": [
        13.0,
        105.0
    ],
    "Kazakhstan": [
        48.0,
        68.0
    ],
    "Uruguay": [
        -33.0,
        -56.0
    ],
    "Azerbaijan": [
        40.5,
        47.5
    ],
    "Senegal": [
        14.0,
        -14.0
    ],
    "Bosnia and Herzegovina": [
        44.0,
        18.0
    ],
    "Oman": [
        21.0,
        57.0
    ],
    "Tunisia": [
        34.0,
        9.0
    ],
    "Afghanistan": [
        33.0,
        65.0
    ],
    "Lithuania": [
        56.0,
        24.0
    ],
    "Dominican Republic": [
        19.0,
        -70.66666666
    ],
    "Andorra": [
        42.5,
        1.5
    ],
    "Martinique": [
        14.666667,
        -61.0
    ],
    "Burkina Faso": [
        13.0,
        -2.0
    ],
    "Macao": [
        22.16666666,
        113.55
    ],
    "Maldives": [
        3.25,
        73.0
    ],
    "New Zealand": [
        -41.0,
        174.0
    ],
    "Jamaica": [
        18.25,
        -77.5
    ],
    "French Guiana": [
        4.0,
        -53.0
    ],
    "Uzbekistan": [
        41.0,
        64.0
    ],
    "Bangladesh": [
        24.0,
        90.0
    ],
    "Cameroon": [
        6.0,
        12.0
    ],
    "Monaco": [
        43.73333333,
        7.4
    ],
    "Paraguay": [
        -23.0,
        -58.0
    ],
    "Réunion": [
        -21.15,
        55.5
    ],
    "Guatemala": [
        15.5,
        -90.25
    ],
    "Honduras": [
        15.0,
        -86.5
    ],
    "Guyana": [
        5.0,
        -59.0
    ],
    "Ukraine": [
        49.0,
        32.0
    ],
    "Liechtenstein": [
        47.26666666,
        9.53333333
    ],
    "Rwanda": [
        -2.0,
        30.0
    ],
    "Ethiopia": [
        8.0,
        38.0
    ],
    "Ghana": [
        8.0,
        -2.0
    ],
    "Guadeloupe": [
        16.25,
        -61.583333
    ],
    "Cuba": [
        21.5,
        -80.0
    ],
    "Guam": [
        13.46666666,
        144.78333333
    ],
    "Mongolia": [
        46.0,
        105.0
    ],
    "Puerto Rico": [
        18.25,
        -66.5
    ],
    "Trinidad and Tobago": [
        11.0,
        -61.0
    ],
    "Kenya": [
        1.0,
        38.0
    ],
    "Seychelles": [
        -4.58333333,
        55.66666666
    ],
    "Nigeria": [
        10.0,
        8.0
    ],
    "Aruba": [
        12.5,
        -69.96666666
    ],
    "Curaçao": [
        12.116667,
        -68.933333
    ],
    "French Polynesia": [
        -15.0,
        -140.0
    ],
    "Gibraltar": [
        36.13333333,
        -5.35
    ],
    "Barbados": [
        13.16666666,
        -59.53333333
    ],
    "Liberia": [
        6.5,
        -9.5
    ],
    "Namibia": [
        -22.0,
        17.0
    ],
    "Saint Lucia": [
        13.88333333,
        -60.96666666
    ],
    "Cayman Islands": [
        19.5,
        -80.5
    ],
    "Sudan": [
        15.0,
        30.0
    ],
    "Nepal": [
        28.0,
        84.0
    ],
    "Antigua and Barbuda": [
        17.05,
        -61.8
    ],
    "Bahamas": [
        24.25,
        -76.0
    ],
    "Benin": [
        9.5,
        2.25
    ],
    "Bhutan": [
        27.5,
        90.5
    ],
    "Congo": [
        -1.0,
        15.0
    ],
    "Equatorial Guinea": [
        2.0,
        10.0
    ],
    "Gabon": [
        -1.0,
        11.75
    ],
    "Greenland": [
        72.0,
        -40.0
    ],
    "Guinea": [
        11.0,
        -10.0
    ],
    "Mauritania": [
        20.0,
        -12.0
    ],
    "Mayotte": [
        -12.83333333,
        45.16666666
    ],
    "Somalia": [
        10.0,
        49.0
    ],
    "Suriname": [
        4.0,
        -56.0
    ],
    "Togo": [
        8.0,
        1.16666666
    ]
}